{
  "RSI Conservative": {
    "metrics": {
      "final_equity": 1208961.2071910838,
      "total_return": 0.2089612071910838,
      "annual_return": 0.0676042204559335,
      "sharpe_ratio": 0.331623464545785,
      "max_drawdown": -0.4292387245204265,
      "win_rate": 0.5147679324894515,
      "total_trades": 33,
      "trading_costs": 33000.0
    },
    "execution_time": 0.0012912750244140625
  },
  "RSI Aggressive": {
    "metrics": {
      "final_equity": 1099477.3264827046,
      "total_return": 0.09947732648270469,
      "annual_return": 0.03323302516963045,
      "sharpe_ratio": 0.19978799242731524,
      "max_drawdown": -0.35615522539590627,
      "win_rate": 0.5121255349500713,
      "total_trades": 5,
      "trading_costs": 5000.0
    },
    "execution_time": 0.0006415843963623047
  },
  "MACD Standard": {
    "metrics": {
      "final_equity": 949889.8044658247,
      "total_return": -0.050110195534175284,
      "annual_return": -0.017566373679739677,
      "sharpe_ratio": 0.1551800305324178,
      "max_drawdown": -0.40141866270378196,
      "win_rate": 0.4945205479452055,
      "total_trades": 109,
      "trading_costs": 109000.0
    },
    "execution_time": 0.0005822181701660156
  },
  "MACD Sensitive": {
    "metrics": {
      "final_equity": 949889.8044658247,
      "total_return": -0.050110195534175284,
      "annual_return": -0.017566373679739677,
      "sharpe_ratio": 0.1551800305324178,
      "max_drawdown": -0.40141866270378196,
      "win_rate": 0.4945205479452055,
      "total_trades": 109,
      "trading_costs": 109000.0
    },
    "execution_time": 0.0005717277526855469
  },
  "Bollinger Breakout": {
    "metrics": {
      "final_equity": 1090050.8200266664,
      "total_return": 0.09005082002666631,
      "annual_return": 0.03017056853494693,
      "sharpe_ratio": 0.2195769407127919,
      "max_drawdown": -0.33047576789600003,
      "win_rate": 0.5186440677966102,
      "total_trades": 46,
      "trading_costs": 46000.0
    },
    "execution_time": 0.0011584758758544922
  },
  "Bollinger Wide": {
    "metrics": {
      "final_equity": 1090050.8200266664,
      "total_return": 0.09005082002666631,
      "annual_return": 0.03017056853494693,
      "sharpe_ratio": 0.2195769407127919,
      "max_drawdown": -0.33047576789600003,
      "win_rate": 0.5186440677966102,
      "total_trades": 46,
      "trading_costs": 46000.0
    },
    "execution_time": 0.0007867813110351562
  }
}