{
  "validation_date": "2025-12-05T20:58:07.253855",
  "total_strategies": 6,
  "valid_strategies": 6,
  "rankings": [
    [
      "Sentiment_Based",
      {
        "strategy_name": "Sentiment_Based",
        "total_return": 0.0,
        "annual_return": 0.0,
        "volatility": 0.0,
        "sharpe_ratio": -4647520984502543.0,
        "max_drawdown": 0.0,
        "win_rate": 0.0,
        "total_trades": 0,
        "trading_costs": 0.0,
        "trades_per_year": 0.0,
        "total_days": 3740,
        "years_tested": 14.841269841269842,
        "significant": false,
        "p_value": 1.0,
        "score": 45,
        "grade": "C"
      }
    ],
    [
      "RSI_Low_Frequency",
      {
        "strategy_name": "RSI_Low_Frequency",
        "total_return": 0.24936567830069878,
        "annual_return": 0.01511422174185717,
        "volatility": 0.20707858435552456,
        "sharpe_ratio": 0.055168973940553284,
        "max_drawdown": -0.6269341771705514,
        "win_rate": 0.4814495254529767,
        "total_trades": 3697,
        "trading_costs": 3697000.0,
        "trades_per_year": 249.10267379679144,
        "total_days": 3740,
        "years_tested": 14.841269841269842,
        "significant": "False",
        "p_value": 0.49804914915785536,
        "t_statistic": 0.6776285771569581,
        "sample_size": 3740,
        "score": 15,
        "grade": "F"
      }
    ],
    [
      "Bollinger_Low_Freq",
      {
        "strategy_name": "Bollinger_Low_Freq",
        "total_return": -0.15155714247793406,
        "annual_return": -0.011012930277512156,
        "volatility": 0.1979143858576561,
        "sharpe_ratio": -0.08354673276932063,
        "max_drawdown": -0.4920901218824524,
        "win_rate": 0.4910272277227723,
        "total_trades": 3437,
        "trading_costs": 3437000.0,
        "trades_per_year": 231.58395721925132,
        "total_days": 3740,
        "years_tested": 14.841269841269842,
        "significant": "False",
        "p_value": 0.8691333745756507,
        "t_statistic": 0.16477069892254084,
        "sample_size": 3740,
        "score": 10,
        "grade": "F"
      }
    ],
    [
      "Trend_Following_Monthly",
      {
        "strategy_name": "Trend_Following_Monthly",
        "total_return": -0.3425546772589576,
        "annual_return": -0.027863071440512033,
        "volatility": 0.20551283172297016,
        "sharpe_ratio": -0.1562062786566416,
        "max_drawdown": -0.599186374345514,
        "win_rate": 0.5083946980854197,
        "total_trades": 3612,
        "trading_costs": 3612000.0,
        "trades_per_year": 243.37540106951872,
        "total_days": 3740,
        "years_tested": 14.841269841269842,
        "significant": "False",
        "p_value": 0.8940915628178217,
        "t_statistic": -0.13313780373857306,
        "sample_size": 3740,
        "score": 10,
        "grade": "F"
      }
    ],
    [
      "Mean_Reversion",
      {
        "strategy_name": "Mean_Reversion",
        "total_return": -0.1845277501892123,
        "annual_return": -0.013650612041253729,
        "volatility": 0.1255573551071439,
        "sharpe_ratio": -0.2460159277098386,
        "max_drawdown": -0.4213516160626741,
        "win_rate": 0.46568627450980393,
        "total_trades": 871,
        "trading_costs": 871000.0,
        "trades_per_year": 58.68770053475936,
        "total_days": 3740,
        "years_tested": 14.841269841269842,
        "significant": "False",
        "p_value": 0.856617807382078,
        "t_statistic": -0.18069368686100504,
        "sample_size": 3740,
        "score": 10,
        "grade": "F"
      }
    ],
    [
      "Volatility_Based",
      {
        "strategy_name": "Volatility_Based",
        "total_return": -0.02169120309876771,
        "annual_return": -0.0014765395134457293,
        "volatility": 0.20655082116661289,
        "sharpe_ratio": -0.024686004087853382,
        "max_drawdown": -0.4643669318636672,
        "win_rate": 0.5254629629629629,
        "total_trades": 3676,
        "trading_costs": 3676000.0,
        "trades_per_year": 247.68770053475936,
        "total_days": 3740,
        "years_tested": 14.841269841269842,
        "significant": "False",
        "p_value": 0.7105239858945502,
        "t_statistic": 0.3711806878096259,
        "sample_size": 3740,
        "score": 10,
        "grade": "F"
      }
    ]
  ],
  "best_strategy": [
    "Sentiment_Based",
    {
      "strategy_name": "Sentiment_Based",
      "total_return": 0.0,
      "annual_return": 0.0,
      "volatility": 0.0,
      "sharpe_ratio": -4647520984502543.0,
      "max_drawdown": 0.0,
      "win_rate": 0.0,
      "total_trades": 0,
      "trading_costs": 0.0,
      "trades_per_year": 0.0,
      "total_days": 3740,
      "years_tested": 14.841269841269842,
      "significant": false,
      "p_value": 1.0,
      "score": 45,
      "grade": "C"
    }
  ],
  "average_score": 16.666666666666668
}