{
  "strategy_name": "Multi_Factor_Model",
  "total_return": 0.718708602315171,
  "annual_return": 0.03716499873315704,
  "volatility": 0.20620533643621597,
  "sharpe_ratio": 0.15874175444393876,
  "max_drawdown": -0.5349075970901063,
  "calmar_ratio": 0.06947928751682418,
  "information_ratio": 0.05949517223388797,
  "win_rate": 0.46711229946524063,
  "total_trades": 3653,
  "trades_per_year": 246.1379679144385,
  "total_days": 3740,
  "years_tested": 14.841269841269842,
  "factor_categories": {
    "technical": [
      "momentum_5",
      "momentum_10",
      "momentum_20",
      "momentum_60",
      "volatility_10",
      "volatility_20",
      "volatility_60",
      "rsi_14",
      "rsi_30",
      "ma_ratio_10",
      "ma_ratio_20",
      "ma_ratio_60",
      "bb_position_20",
      "bb_position_60",
      "volume_sma_ratio",
      "volume_price_trend"
    ],
    "sentiment": [
      "bull_bear_ratio",
      "bull_bear_ma_ratio",
      "bull_bear_volatility",
      "sentiment_momentum_5",
      "sentiment_momentum_20",
      "bull_bear_zscore",
      "price_sentiment_corr",
      "sentiment_divergence",
      "extreme_bullish",
      "extreme_bearish"
    ],
    "macro": [
      "month",
      "day_of_week",
      "quarter",
      "month_sin",
      "month_cos",
      "is_month_start",
      "is_month_end",
      "is_quarter_end",
      "price_trend_20",
      "price_trend_60",
      "price_trend_120",
      "high_volatility_regime",
      "low_volatility_regime",
      "price_position"
    ],
    "risk": [
      "realized_vol_10",
      "realized_vol_20",
      "realized_vol_60",
      "downside_vol_20",
      "downside_vol_60",
      "var_95_20",
      "var_99_20",
      "var_95_60",
      "var_99_60",
      "current_drawdown",
      "max_drawdown_20",
      "max_drawdown_60",
      "skewness_20",
      "kurtosis_20",
      "autocorr_1",
      "autocorr_5",
      "autocorr_20"
    ]
  },
  "factor_importance": {
    "current_drawdown": 0.05700837052559721,
    "momentum_20": 0.05276500652741751,
    "autocorr_20": 0.046320029923280624,
    "sentiment_divergence": 0.04610764889702378,
    "sentiment_momentum_20": 0.044822564488568556,
    "ma_ratio_60": 0.041698510795446085,
    "bull_bear_ma_ratio": 0.0323656241445728,
    "sentiment_momentum_5": 0.03235978235958363,
    "autocorr_5": 0.031716226323519905,
    "price_sentiment_corr": 0.03152865148837983,
    "momentum_60": 0.0308635813675844,
    "price_position": 0.03080153335460004,
    "ma_ratio_10": 0.0288974360710005,
    "autocorr_1": 0.027986208111296845,
    "kurtosis_20": 0.027752972721243333,
    "bull_bear_volatility": 0.026746035255343106,
    "rsi_30": 0.02670215311471114,
    "ma_ratio_20": 0.02650393561439768,
    "rsi_14": 0.025318199529813037,
    "downside_vol_20": 0.024569173604326228
  },
  "score": 14,
  "grade": "F"
}