{
  "strategy_name": "RSI_Aggressive_Real_Data_Validation",
  "validation_date": "2025-12-05T20:54:40.500968",
  "data_source": "acheng_sharpe_results.csv (Enhanced CBSC Data)",
  "summary": {
    "grade": "D (Poor)",
    "total_score": 0.0,
    "is_production_ready": false
  },
  "performance_metrics": {
    "total_return": -0.25535909473586127,
    "net_return": -7.709359094735861,
    "annual_return": -0.019671062255701588,
    "volatility": 0.2076682918123645,
    "sharpe_ratio": -0.11248977257429502,
    "sortino_ratio": -0.16452989104767307,
    "calmar_ratio": -0.034386798951256105,
    "max_drawdown": -0.5720527311537682,
    "win_rate": 0.4566844919786096,
    "total_trades": 3727,
    "trading_costs": 7454000.0,
    "total_days": 3740,
    "years_tested": 14.841269841269842
  },
  "statistical_significance": {
    "t_statistic": 0.03041313250365962,
    "annual_t_statistic": 0.00789451807412183,
    "p_value": 0.9757391946772311,
    "is_significant_95": "False",
    "is_significant_90": "False",
    "confidence_interval_95": [
      -0.00041288886671240143,
      0.0004259003038801373
    ],
    "sample_size": 3740,
    "min_required_sample_size_95": 657,
    "min_required_sample_size_90": 463,
    "adequate_sample_size_95": true,
    "adequate_sample_size_90": true,
    "daily_return_mean": 6.505718583867929e-06,
    "daily_return_std": 0.013081872745931127,
    "annual_return_mean": 0.001639441083134718,
    "annual_return_std": 0.2076682918123645
  },
  "monte_carlo_simulation": {
    "mean_simulated_return": NaN,
    "std_simulated_return": NaN,
    "percentile_5": NaN,
    "percentile_25": NaN,
    "percentile_50": NaN,
    "percentile_75": NaN,
    "percentile_95": NaN,
    "actual_return_percentile": 18.63,
    "prob_positive_return": 0.1322,
    "prob_beat_market": 0.0808,
    "n_simulations": 10000
  },
  "market_regime_analysis": {
    "regime_performance": {
      "sideways": {
        "annual_return": -0.09271624095901843,
        "volatility": 0.16306532232108886,
        "sharpe_ratio": -0.5965783527939805,
        "win_rate": 0.44459016393442624,
        "days": 1525
      },
      "unknown": {
        "annual_return": -0.20274553893489222,
        "volatility": 0.1698221341009171,
        "sharpe_ratio": -1.3336279509651972,
        "win_rate": 0.3333333333333333,
        "days": 60
      },
      "bear_market": {
        "annual_return": -0.3064742686837587,
        "volatility": 0.15281180488355997,
        "sharpe_ratio": -2.3931484058775583,
        "win_rate": 0.3973509933774834,
        "days": 604
      },
      "high_volatility": {
        "annual_return": 0.0911319809313933,
        "volatility": 0.3072189354841126,
        "sharpe_ratio": 0.28393681523955366,
        "win_rate": 0.46918918918918917,
        "days": 925
      },
      "bull_market": {
        "annual_return": 0.634928019718235,
        "volatility": 0.16345590528392337,
        "sharpe_ratio": 3.010466905677862,
        "win_rate": 0.536741214057508,
        "days": 626
      }
    },
    "regime_distribution": {
      "sideways": 1525,
      "high_volatility": 925,
      "bull_market": 626,
      "bear_market": 604,
      "unknown": 60
    },
    "best_regime": "bull_market",
    "worst_regime": "bear_market"
  },
  "production_readiness": {
    "individual_scores": {
      "performance": 0,
      "sharpe": 0,
      "significance": 0,
      "robustness": 0
    },
    "total_score": 0.0,
    "grade": "D (Poor)",
    "is_production_ready": false,
    "recommendations": [
      "Consider optimizing strategy parameters to improve returns",
      "Risk-adjusted returns need improvement - consider better risk management",
      "Statistical significance is marginal - need more data or better strategy",
      "High drawdown risk - implement stricter risk controls",
      "High trading frequency may erode returns - consider reducing trade frequency"
    ]
  }
}