{
  "timestamp": "20251124_132930",
  "results": {
    "RSI_MEAN_REVERSION": {
      "strategy": "RSI_MEAN_REVERSION",
      "params": {
        "period": 14,
        "oversold": 30,
        "overbought": 70
      },
      "avg_time": 0.4329926252365112,
      "min_time": 0.015259742736816406,
      "max_time": 4.1870245933532715,
      "std_time": 1.2513441380495134,
      "iterations": 10
    },
    "MACD_CROSSOVER": {
      "strategy": "MACD_CROSSOVER",
      "params": {
        "fast": 12,
        "slow": 26,
        "signal": 9
      },
      "avg_time": 0.027470159530639648,
      "min_time": 0.016962289810180664,
      "max_time": 0.11819195747375488,
      "std_time": 0.030242677274963797,
      "iterations": 10
    },
    "BOLLINGER_BANDS": {
      "strategy": "BOLLINGER_BANDS",
      "params": {
        "period": 20,
        "std_dev": 2.0
      },
      "avg_time": 0.02016637325286865,
      "min_time": 0.014205694198608398,
      "max_time": 0.06860542297363281,
      "std_time": 0.016152726680824635,
      "iterations": 10
    },
    "DUAL_MOVING_AVERAGE": {
      "strategy": "DUAL_MOVING_AVERAGE",
      "params": {
        "short_period": 20,
        "long_period": 50
      },
      "avg_time": 0.014583945274353027,
      "min_time": 0.014203548431396484,
      "max_time": 0.015490055084228516,
      "std_time": 0.0004288427135303198,
      "iterations": 10
    },
    "MOMENTUM_BREAKOUT": {
      "strategy": "MOMENTUM_BREAKOUT",
      "params": {
        "lookback": 20,
        "threshold": 0.02
      },
      "avg_time": 0.23082900047302246,
      "min_time": 0.01344919204711914,
      "max_time": 2.1831560134887695,
      "std_time": 0.6507758921877989,
      "iterations": 10
    },
    "VOLATILITY_BREAKOUT": {
      "strategy": "VOLATILITY_BREAKOUT",
      "params": {
        "atr_period": 14,
        "multiplier": 2.0
      },
      "avg_time": 0.014354777336120606,
      "min_time": 0.013986349105834961,
      "max_time": 0.015311479568481445,
      "std_time": 0.0003431074647947074,
      "iterations": 10
    },
    "overall_performance": {
      "total_strategies": 60,
      "total_time": 0.7403968811035155,
      "strategies_per_second": 81.03761851424026,
      "data_points": 365
    }
  },
  "validation": {
    "passed": false,
    "failures": [
      "Strategy processing too slow: 81.0 < 600"
    ],
    "warnings": [
      "Strategy RSI_MEAN_REVERSION slow: 432.99ms",
      "Strategy MACD_CROSSOVER slow: 27.47ms",
      "Strategy BOLLINGER_BANDS slow: 20.17ms",
      "Strategy DUAL_MOVING_AVERAGE slow: 14.58ms",
      "Strategy MOMENTUM_BREAKOUT slow: 230.83ms",
      "Strategy VOLATILITY_BREAKOUT slow: 14.35ms"
    ]
  },
  "baseline_comparison": null
}