{
  "timestamp": "2025-11-26 11:52:04",
  "phase": "Phase 4 - System Stability Testing",
  "total_execution_time": 83.96395206451416,
  "stability_tests": {
    "long_running_operations": {
      "test_duration": 30,
      "operations_completed": 876,
      "errors_encountered": 0,
      "resource_monitoring": {
        "timestamps": [
          4.76837158203125e-07,
          5.006822109222412,
          10.013682126998901,
          15.020017623901367,
          20.024566411972046,
          25.03070044517517
        ],
        "cpu_percent": [
          0.0,
          2.8,
          1.9,
          2.5,
          3.4,
          2.5
        ],
        "memory_mb": [
          69.4453125,
          70.6328125,
          70.921875,
          71.12109375,
          71.06640625,
          70.94140625
        ],
        "memory_percent": [
          0.05399412406165924,
          0.05491741204201385,
          0.05514215977407386,
          0.055297053481304405,
          0.05525453364010386,
          0.05515734543164549
        ],
        "threads": [
          28,
          28,
          28,
          28,
          28,
          28
        ],
        "file_descriptors": [
          0,
          0,
          0,
          0,
          0,
          0
        ]
      },
      "resource_analysis": {
        "max_memory_mb": 71.12109375,
        "avg_memory_mb": 70.68815104166667,
        "memory_growth_mb": 1.49609375,
        "max_cpu_percent": 3.4,
        "avg_cpu_percent": 2.183333333333333,
        "max_threads": 28
      }
    },
    "memory_leak_detection": {
      "initial_memory_mb": 70.99609375,
      "final_memory_mb": 72.203125,
      "max_memory_mb": 72.203125,
      "min_memory_mb": 70.99609375,
      "memory_growth_mb": 1.20703125,
      "memory_leak_detected": false,
      "memory_volatility_mb": 0.12324243690370032,
      "iterations_completed": 100,
      "memory_snapshots": [
        70.99609375,
        72.203125,
        72.203125,
        72.203125,
        72.203125,
        72.203125,
        72.203125,
        72.203125,
        72.203125,
        72.203125,
        72.203125
      ]
    },
    "concurrent_access_stability": {
      "threads_completed": 8,
      "total_operations": 160,
      "errors_encountered": 0,
      "thread_results": [
        {
          "thread_id": 0,
          "operations_completed": 20,
          "errors": 0,
          "start_time": 1764129071.2129998,
          "end_time": 1764129071.5380678,
          "duration": 0.32506799697875977
        },
        {
          "thread_id": 6,
          "operations_completed": 20,
          "errors": 0,
          "start_time": 1764129071.2153418,
          "end_time": 1764129071.5407553,
          "duration": 0.32541346549987793
        },
        {
          "thread_id": 4,
          "operations_completed": 20,
          "errors": 0,
          "start_time": 1764129071.2144663,
          "end_time": 1764129071.542586,
          "duration": 0.32811975479125977
        },
        {
          "thread_id": 5,
          "operations_completed": 20,
          "errors": 0,
          "start_time": 1764129071.214759,
          "end_time": 1764129071.5456207,
          "duration": 0.33086156845092773
        },
        {
          "thread_id": 7,
          "operations_completed": 20,
          "errors": 0,
          "start_time": 1764129071.2156825,
          "end_time": 1764129071.546031,
          "duration": 0.33034849166870117
        },
        {
          "thread_id": 3,
          "operations_completed": 20,
          "errors": 0,
          "start_time": 1764129071.214349,
          "end_time": 1764129071.5517585,
          "duration": 0.33740949630737305
        },
        {
          "thread_id": 2,
          "operations_completed": 20,
          "errors": 0,
          "start_time": 1764129071.2140746,
          "end_time": 1764129071.5581174,
          "duration": 0.3440427780151367
        },
        {
          "thread_id": 1,
          "operations_completed": 20,
          "errors": 0,
          "start_time": 1764129071.213735,
          "end_time": 1764129071.5626442,
          "duration": 0.3489091396331787
        }
      ],
      "total_time": 0.35054540634155273,
      "operations_per_second": 456.43159803413465,
      "avg_operations_per_thread": 20.0,
      "error_rate": 0.0,
      "thread_success_rate": 1.0,
      "max_thread_duration": 0.3489091396331787,
      "min_thread_duration": 0.32506799697875977
    },
    "resource_exhaustion_handling": {
      "memory_exhaustion_test": {
        "attempts_completed": 100,
        "arrays_allocated": 100,
        "memory_allocated_mb": 800,
        "memory_error_handled": false
      },
      "cpu_exhaustion_test": {
        "duration": 52.30591607093811,
        "threads_used": 32,
        "max_cpu_percent": 107.6,
        "avg_cpu_percent": 99.19583333333333,
        "system_responsive": true
      },
      "file_handle_exhaustion_test": {
        "files_created": 1000,
        "limit_reached": false,
        "cleanup_needed": true
      },
      "recovery_success": true
    },
    "data_integrity_under_stress": {
      "original_checksum": "6ba2a15220d9db20d1c1cb51328a468e",
      "data_corruption_detected": false,
      "integrity_tests_passed": 50,
      "integrity_tests_failed": 0,
      "stress_operations": 50
    }
  },
  "stability_score": {
    "component_scores": {
      "long_running": 10.0,
      "memory_leak": 10.0,
      "concurrent_access": 10.0,
      "resource_exhaustion": 10.0,
      "data_integrity": 10.0
    },
    "overall_score": 10.0
  },
  "error_summary": {
    "total_errors": 0,
    "error_categories": {}
  },
  "summary": {
    "system_stable": "True",
    "memory_leaks_detected": false,
    "data_integrity_maintained": true,
    "recovery_successful": true
  }
}