{
  "timestamp": "20251129_013854",
  "results": {
    "0700.HK": {
      "base_return": -0.09322737610775245,
      "base_sharpe": -0.10874221364621586,
      "rsi_return": 0.0,
      "rsi_sharpe": 0.0,
      "macd_return": 0.0,
      "macd_sharpe": 0.0
    },
    "0388.HK": {
      "base_return": -0.09382197811835269,
      "base_sharpe": -0.3281287317070557,
      "rsi_return": 0.0,
      "rsi_sharpe": 0.0,
      "macd_return": 0.0,
      "macd_sharpe": 0.0
    },
    "1398.HK": {
      "base_return": -0.25991698911497507,
      "base_sharpe": -0.8748840477060521,
      "rsi_return": 0.0,
      "rsi_sharpe": 0.0,
      "macd_return": 0.0,
      "macd_sharpe": 0.0
    }
  }
}