{
  "timestamp": "20251129_015543",
  "results": {
    "0700.HK": {
      "base_return": 0.18276683691950257,
      "base_sharpe": 0.6209693196707682,
      "rsi_return": 0.0,
      "rsi_sharpe": 0.0,
      "macd_return": 0.0,
      "macd_sharpe": 0.0
    },
    "0388.HK": {
      "base_return": -0.1922265546233125,
      "base_sharpe": -0.7572022849295394,
      "rsi_return": 0.0,
      "rsi_sharpe": 0.0,
      "macd_return": 0.0,
      "macd_sharpe": 0.0
    },
    "1398.HK": {
      "base_return": -0.1569262308938426,
      "base_sharpe": -0.45844757502539424,
      "rsi_return": 0.0,
      "rsi_sharpe": 0.0,
      "macd_return": 0.0,
      "macd_sharpe": 0.0
    }
  }
}