{
  "best_parameters": {
    "rsi_period": 14,
    "overbought_threshold": 70,
    "oversold_threshold": 30,
    "stop_loss": 0.1,
    "take_profit": 0.2,
    "position_size": 0.5,
    "macd_fast": 12,
    "macd_slow": 26,
    "macd_signal": 9,
    "bb_period": 20,
    "bb_std": 2.0
  },
  "best_sharpe_ratio": 1.83839573053546,
  "total_return": 0.3509250097854528,
  "max_drawdown": -0.08585420018642928,
  "calmar_ratio": 4.087453019461272,
  "sortino_ratio": 2.2152708255410944,
  "win_rate": 0.24786324786324787,
  "optimization_id": "opt_20251122_215006",
  "method": "grid_search",
  "total_combinations": 96,
  "execution_time": 6.525646686553955,
  "top_results": [
    {
      "parameters": {
        "rsi_period": 14,
        "overbought_threshold": 70,
        "oversold_threshold": 30,
        "stop_loss": 0.1,
        "take_profit": 0.2,
        "position_size": 0.5,
        "macd_fast": 12,
        "macd_slow": 26,
        "macd_signal": 9,
        "bb_period": 20,
        "bb_std": 2.0
      },
      "sharpe_ratio": 1.83839573053546,
      "total_return": 0.3509250097854528,
      "max_drawdown": -0.08585420018642928,
      "calmar_ratio": 4.087453019461272,
      "sortino_ratio": 2.2152708255410944,
      "win_rate": 0.24786324786324787
    },
    {
      "parameters": {
        "rsi_period": 14,
        "overbought_threshold": 70,
        "oversold_threshold": 30,
        "stop_loss": 0.1,
        "take_profit": 0.2,
        "position_size": 1.0,
        "macd_fast": 12,
        "macd_slow": 26,
        "macd_signal": 9,
        "bb_period": 20,
        "bb_std": 2.0
      },
      "sharpe_ratio": 1.83839573053546,
      "total_return": 0.3509250097854528,
      "max_drawdown": -0.08585420018642928,
      "calmar_ratio": 4.087453019461272,
      "sortino_ratio": 2.2152708255410944,
      "win_rate": 0.24786324786324787
    },
    {
      "parameters": {
        "rsi_period": 14,
        "overbought_threshold": 70,
        "oversold_threshold": 30,
        "stop_loss": 0.1,
        "take_profit": 0.25,
        "position_size": 0.5,
        "macd_fast": 12,
        "macd_slow": 26,
        "macd_signal": 9,
        "bb_period": 20,
        "bb_std": 2.0
      },
      "sharpe_ratio": 1.83839573053546,
      "total_return": 0.3509250097854528,
      "max_drawdown": -0.08585420018642928,
      "calmar_ratio": 4.087453019461272,
      "sortino_ratio": 2.2152708255410944,
      "win_rate": 0.24786324786324787
    },
    {
      "parameters": {
        "rsi_period": 14,
        "overbought_threshold": 70,
        "oversold_threshold": 30,
        "stop_loss": 0.1,
        "take_profit": 0.25,
        "position_size": 1.0,
        "macd_fast": 12,
        "macd_slow": 26,
        "macd_signal": 9,
        "bb_period": 20,
        "bb_std": 2.0
      },
      "sharpe_ratio": 1.83839573053546,
      "total_return": 0.3509250097854528,
      "max_drawdown": -0.08585420018642928,
      "calmar_ratio": 4.087453019461272,
      "sortino_ratio": 2.2152708255410944,
      "win_rate": 0.24786324786324787
    },
    {
      "parameters": {
        "rsi_period": 14,
        "overbought_threshold": 70,
        "oversold_threshold": 30,
        "stop_loss": 0.15,
        "take_profit": 0.2,
        "position_size": 0.5,
        "macd_fast": 12,
        "macd_slow": 26,
        "macd_signal": 9,
        "bb_period": 20,
        "bb_std": 2.0
      },
      "sharpe_ratio": 1.83839573053546,
      "total_return": 0.3509250097854528,
      "max_drawdown": -0.08585420018642928,
      "calmar_ratio": 4.087453019461272,
      "sortino_ratio": 2.2152708255410944,
      "win_rate": 0.24786324786324787
    },
    {
      "parameters": {
        "rsi_period": 14,
        "overbought_threshold": 70,
        "oversold_threshold": 30,
        "stop_loss": 0.15,
        "take_profit": 0.2,
        "position_size": 1.0,
        "macd_fast": 12,
        "macd_slow": 26,
        "macd_signal": 9,
        "bb_period": 20,
        "bb_std": 2.0
      },
      "sharpe_ratio": 1.83839573053546,
      "total_return": 0.3509250097854528,
      "max_drawdown": -0.08585420018642928,
      "calmar_ratio": 4.087453019461272,
      "sortino_ratio": 2.2152708255410944,
      "win_rate": 0.24786324786324787
    },
    {
      "parameters": {
        "rsi_period": 14,
        "overbought_threshold": 70,
        "oversold_threshold": 30,
        "stop_loss": 0.15,
        "take_profit": 0.25,
        "position_size": 0.5,
        "macd_fast": 12,
        "macd_slow": 26,
        "macd_signal": 9,
        "bb_period": 20,
        "bb_std": 2.0
      },
      "sharpe_ratio": 1.83839573053546,
      "total_return": 0.3509250097854528,
      "max_drawdown": -0.08585420018642928,
      "calmar_ratio": 4.087453019461272,
      "sortino_ratio": 2.2152708255410944,
      "win_rate": 0.24786324786324787
    },
    {
      "parameters": {
        "rsi_period": 14,
        "overbought_threshold": 70,
        "oversold_threshold": 30,
        "stop_loss": 0.15,
        "take_profit": 0.25,
        "position_size": 1.0,
        "macd_fast": 12,
        "macd_slow": 26,
        "macd_signal": 9,
        "bb_period": 20,
        "bb_std": 2.0
      },
      "sharpe_ratio": 1.83839573053546,
      "total_return": 0.3509250097854528,
      "max_drawdown": -0.08585420018642928,
      "calmar_ratio": 4.087453019461272,
      "sortino_ratio": 2.2152708255410944,
      "win_rate": 0.24786324786324787
    },
    {
      "parameters": {
        "rsi_period": 20,
        "overbought_threshold": 75,
        "oversold_threshold": 30,
        "stop_loss": 0.1,
        "take_profit": 0.2,
        "position_size": 0.5,
        "macd_fast": 12,
        "macd_slow": 26,
        "macd_signal": 9,
        "bb_period": 20,
        "bb_std": 2.0
      },
      "sharpe_ratio": 1.7194382483510495,
      "total_return": 0.3765277669191611,
      "max_drawdown": -0.11496875792125508,
      "calmar_ratio": 3.2750442270330016,
      "sortino_ratio": 2.265293274898499,
      "win_rate": 0.2564102564102564
    },
    {
      "parameters": {
        "rsi_period": 20,
        "overbought_threshold": 75,
        "oversold_threshold": 30,
        "stop_loss": 0.1,
        "take_profit": 0.2,
        "position_size": 1.0,
        "macd_fast": 12,
        "macd_slow": 26,
        "macd_signal": 9,
        "bb_period": 20,
        "bb_std": 2.0
      },
      "sharpe_ratio": 1.7194382483510495,
      "total_return": 0.3765277669191611,
      "max_drawdown": -0.11496875792125508,
      "calmar_ratio": 3.2750442270330016,
      "sortino_ratio": 2.265293274898499,
      "win_rate": 0.2564102564102564
    }
  ]
}