{
  "stock_symbol": "0700.HK",
  "backtest_date": "20251123_194955",
  "results": [
    {
      "strategy": "RSI_MR_14",
      "total_return": -0.16972341794658874,
      "sharpe_ratio": -1.2702627819081644,
      "max_drawdown": -0.24567813707073632,
      "quality_score": 0,
      "trading_days": 243,
      "success": true
    },
    {
      "strategy": "RSI_MR_21",
      "total_return": -0.13490402543880664,
      "sharpe_ratio": -1.573374474671352,
      "max_drawdown": -0.15523698314398682,
      "quality_score": 0,
      "trading_days": 243,
      "success": true
    },
    {
      "strategy": "SMA_XOVER_20_50",
      "total_return": 0.00044129955568972257,
      "sharpe_ratio": -0.8283056888367621,
      "max_drawdown": -0.02730875597196243,
      "quality_score": 0,
      "trading_days": 243,
      "success": true
    },
    {
      "strategy": "BUY_HOLD",
      "total_return": 0.5490096495683094,
      "sharpe_ratio": 1.8160230999996108,
      "max_drawdown": -0.19963235294117637,
      "quality_score": 81.23980930976435,
      "trading_days": 243,
      "success": true
    }
  ],
  "summary": {
    "total_strategies": 4,
    "successful_strategies": 4,
    "best_strategy": {
      "strategy": "BUY_HOLD",
      "total_return": 0.5490096495683094,
      "sharpe_ratio": 1.8160230999996108,
      "max_drawdown": -0.19963235294117637,
      "quality_score": 81.23980930976435,
      "trading_days": 243,
      "success": true
    }
  }
}