{
  "timestamp": "2025-11-25T18:06:44.633177",
  "total_tasks": 5,
  "completed_count": 0,
  "failed_count": 5,
  "progress_percent": 100.0,
  "elapsed_time": 1.0093121528625488
}