{
  "timestamp": "2025-11-25T18:02:28.741578",
  "total_tasks": 5,
  "completed_count": 0,
  "failed_count": 5,
  "progress_percent": 100.0,
  "elapsed_time": 1.0090594291687012
}